Date,Strategy_Value,Benchmark_Value
2020-05-12,1.0,1.0
2020-05-13,1.0,1.004320427308006
2020-05-14,1.0,0.9954000606625277
2020-05-15,1.0001,0.9991781533629971
2020-05-18,1.0001,0.9938970667200728
2020-05-19,1.0001,1.006423969390095
2020-05-20,1.0001,0.9958708845989743
2020-05-21,1.0002,0.9843464737366086
2020-05-22,0.9938,0.9665780674486039
2020-05-25,0.9896,0.9644695366718042
2020-05-26,1.0082,0.983264942864026
2020-05-27,1.0018,0.9740651730333296
2020-05-28,0.9991,0.9725536529580965
2020-05-29,1.0073,0.9807484094227191
2020-06-01,1.0411,1.010343106095568
2020-06-02,1.0401,1.0097923179180852
2020-06-03,1.0383,1.0108569416507753
2020-06-04,1.0402,1.0116625704947915
2020-06-05,1.0426,1.0132352973189485
2020-06-08,1.0405,1.0113995483689326
2020-06-09,1.0482,1.0177621840251474
2020-06-10,1.0421,1.0186446024862927
2020-06-11,1.0403,1.0139026576862904
2020-06-12,1.0394,1.014335349854439
2020-06-15,1.0396,1.0141823148414213
2020-06-16,1.0589,1.0331678719353088
2020-06-17,1.0681,1.0404454886235992
2020-06-18,1.0692,1.0402613060148784
2020-06-19,1.0735,1.0498296587515128
2020-06-22,1.0808,1.0492634328314887
2020-06-23,1.0758,1.0529489172174185
2020-06-24,1.0714,1.0501817880352597
2020-06-29,1.0604,1.0453470172322212
2020-06-30,1.0793,1.0638466573205738
2020-07-01,1.0844,1.0670160385627916
2020-07-02,1.1074,1.0839579904739514
2020-07-03,1.1256,1.0977867429156907
2020-07-06,1.1757,1.1428383205767874
2020-07-07,1.1763,1.1573821797294277
2020-07-08,1.2095,1.1855705724336703
2020-07-09,1.2392,1.2142927736126712
2020-07-10,1.2207,1.2111529980059732
2020-07-13,1.2577,1.2516213257809938
2020-07-14,1.248,1.2349698791683719
2020-07-15,1.2133,1.2043322913310635
2020-07-16,1.1638,1.1464924033971016
2020-07-17,1.1664,1.1509537658658633
2020-07-20,1.2031,1.1840136280255074
2020-07-21,1.2083,1.1906334263588843
2020-07-22,1.2096,1.201039916088341
2020-07-23,1.208,1.2009304550560331
2020-07-24,1.1667,1.139959027396823
2020-07-27,1.169,1.1426351446467495
2020-07-28,1.1852,1.1536880240850553
2020-07-29,1.2082,1.1846374325528475
2020-07-30,1.2116,1.1812205939122686
2020-07-31,1.2259,1.19359865207283
2020-08-03,1.2593,1.2226489823788418
2020-08-04,1.2478,1.215011490324472
2020-08-05,1.262,1.228641529450351
2020-08-06,1.2622,1.2281806466219098
2020-08-07,1.2378,1.2134105909807302
2020-08-10,1.2594,1.2200162395618366
2020-08-11,1.2334,1.1974404186585164
2020-08-12,1.2353,1.1842979654833121
2020-08-13,1.2477,1.188698320750938
2020-08-14,1.2616,1.2015612800373843
2020-08-17,1.2834,1.223508543547858
2020-08-18,1.291,1.2316448506511788
2020-08-19,1.271,1.2093093034258364
2020-08-20,1.2711,1.1961592855753798
2020-08-21,1.2818,1.2052585558835396
2020-08-24,1.2936,1.2134255570648627
2020-08-25,1.3061,1.2068192735589747
2020-08-26,1.2823,1.1838405838115225
2020-08-27,1.3016,1.1934393040934144
2020-08-28,1.3107,1.2138327978196322
2020-08-31,1.3082,1.2097009794531084
2020-09-01,1.3111,1.2173249385392813
2020-09-02,1.3147,1.2186125659958957
2020-09-03,1.3026,1.2085795934449641
2020-09-04,1.3052,1.200656584786767
2020-09-07,1.2925,1.1753024418844278
2020-09-08,1.3109,1.1836989774445692
2020-09-09,1.2848,1.1517940797436501
2020-09-10,1.2255,1.1311763124439451
2020-09-11,1.2392,1.1450355049937742
2020-09-14,1.2548,1.1521603043575432
2020-09-15,1.2533,1.1588067513910296
2020-09-16,1.2445,1.152630838042661
2020-09-17,1.2513,1.155022617834783
2020-09-18,1.2723,1.1736075192509192
2020-09-21,1.2681,1.1693436728112874
2020-09-22,1.2496,1.1535044945418238
2020-09-23,1.2601,1.1595600261516448
2020-09-24,1.2248,1.132821710944507
2020-09-25,1.2226,1.1314160781820979
2020-09-28,1.2069,1.1208180769978724
2020-09-29,1.2154,1.129943125252156
2020-09-30,1.2127,1.123364161652575
2020-10-09,1.2477,1.1533809744607855
2020-10-12,1.2903,1.1866156404830943
2020-10-13,1.2872,1.1884701106438065
2020-10-14,1.2748,1.1806651798542358
2020-10-15,1.2665,1.1718971407341616
2020-10-16,1.2628,1.1662084686630154
2020-10-19,1.26,1.1534445032203384
2020-10-20,1.2743,1.1651981400694862
2020-10-21,1.2585,1.1519372643522026
2020-10-22,1.2584,1.1459746131675417
2020-10-23,1.246,1.1271298279680375
2020-10-26,1.2453,1.1273321512847976
2020-10-27,1.2439,1.1285953794890997
2020-10-28,1.2441,1.1330683701517144
2020-10-29,1.24,1.1347363538337847
2020-10-30,1.2055,1.1086657980895658
2020-11-02,1.2082,1.1144046836405643
2020-11-03,1.2282,1.1323008367945804
2020-11-04,1.2257,1.1309204014756378
2020-11-05,1.2528,1.1522939469536673
2020-11-06,1.2416,1.1430909480769398
2020-11-09,1.2673,1.1649328866365385
2020-11-10,1.2547,1.15612279735523
2020-11-11,1.2404,1.1418860059675673
2020-11-12,1.2394,1.1456752914848969
2020-11-13,1.2426,1.1441290138130609
2020-11-16,1.2575,1.1587143244835703
2020-11-17,1.2486,1.1495658928566246
2020-11-18,1.2556,1.1503047638950568
2020-11-19,1.2573,1.1538578392530092
2020-11-20,1.2634,1.1651750288074443
2020-11-23,1.2701,1.1742353510154442
2020-11-24,1.2691,1.174644968202967
2020-11-25,1.2536,1.1520014824586609
2020-11-26,1.2527,1.149087631229882
2020-11-27,1.2568,1.1522273705551638
2020-11-30,1.2585,1.1466640144951512
2020-12-01,1.2747,1.1658335546499714
2020-12-02,1.2832,1.1673507709075288
2020-12-03,1.2877,1.168421381073872
2020-12-04,1.2878,1.1727486111473924
2020-12-07,1.2795,1.1654828584821597
2020-12-08,1.2748,1.1652958277822767
2020-12-09,1.2496,1.1441744925681148
2020-12-10,1.2482,1.1465100905874397
2020-12-11,1.2268,1.1264340229704901
2020-12-14,1.2328,1.1354300907906156
2020-12-15,1.2333,1.1366209194291337
2020-12-16,1.2266,1.131152094598713
2020-12-17,1.238,1.14447936530742
2020-12-18,1.2265,1.1413984744390167
2020-12-21,1.2396,1.1607511087600753
2020-12-22,1.211,1.1338052457122623
2020-12-23,1.2199,1.1442440259020286
2020-12-24,1.1982,1.1256716959965634
2020-12-25,1.2108,1.1389640095608788
2020-12-28,1.2009,1.1327932118921773
2020-12-29,1.1999,1.1246971045978713
2020-12-30,1.2081,1.137286048489387
2020-12-31,1.23,1.155039724522464
2021-01-04,1.2513,1.1760234261847333
2021-01-05,1.2554,1.1863535979554696
2021-01-06,1.2452,1.1842512713008193
2021-01-07,1.2409,1.1860605710985144
2021-01-08,1.2399,1.1895944173059454
2021-01-11,1.2177,1.171055030926279
2021-01-12,1.2373,1.1869879966563048
2021-01-13,1.2227,1.1785860370244594
2021-01-14,1.2123,1.1682408084660507
2021-01-15,1.2171,1.1641801379564565
2021-01-18,1.2331,1.1817699671145245
2021-01-19,1.2364,1.1748600262967703
2021-01-20,1.2427,1.1855711892177436
2021-01-21,1.248,1.201367646119775
2021-01-22,1.232,1.2041448615356036
2021-01-25,1.2096,1.2055069565987189
2021-01-26,1.1972,1.185125381317683
2021-01-27,1.1978,1.1895153963817269
2021-01-28,1.1829,1.1636141478656368
2021-01-29,1.1699,1.1512342030714395
2021-02-01,1.1778,1.1597858961074394
2021-02-02,1.1828,1.1709437558231672
2021-02-03,1.1716,1.160884043868586
2021-02-04,1.1536,1.1480869716337376
2021-02-05,1.1469,1.131956761985203
2021-02-08,1.1599,1.1470663935401664
2021-02-09,1.1852,1.1715054102847657
2021-02-10,1.2006,1.1837112768446196
2021-02-18,1.2043,1.1999251695793387
2021-02-19,1.2052,1.2160591162137295
2021-02-22,1.1929,1.207637092958793
2021-02-23,1.1865,1.202951819730705
2021-02-24,1.182,1.1857104372926517
2021-02-25,1.177,1.178992334462411
2021-02-26,1.1761,1.1545386781664242
2021-03-01,1.1985,1.1770487390031028
2021-03-02,1.191,1.1670512859585114
2021-03-03,1.2028,1.1836360836097977
2021-03-04,1.1955,1.1613666229838417
2021-03-05,1.2001,1.161639586217706
2021-03-08,1.1921,1.134956926702832
2021-03-09,1.1738,1.1080349368267983
2021-03-10,1.158,1.099736016416615
2021-03-11,1.1739,1.127233103018904
2021-03-12,1.1728,1.1287838251642097
2021-03-15,1.1778,1.1199841123678993
2021-03-16,1.1818,1.1238610900678898
2021-03-17,1.1817,1.129324164293862
2021-03-18,1.1805,1.1381218271901639
2021-03-19,1.1812,1.1259216023905099
2021-03-22,1.1924,1.143897157423613
2021-03-23,1.1811,1.1282008553706655
2021-03-24,1.175,1.114300955071997
2021-03-25,1.1724,1.116997262929971
2021-03-26,1.1808,1.13411971488612
2021-03-29,1.1822,1.1346908750787308
2021-03-30,1.174,1.1393015899967782
2021-03-31,1.1718,1.1345324885568413
2021-04-01,1.1762,1.1449806112112477
2021-04-02,1.1841,1.1476911051029086
2021-04-06,1.1958,1.1506825622806789
2021-04-07,1.1954,1.1515859514003175
2021-04-08,1.1885,1.1531599299333293
2021-04-09,1.187,1.1492572649907555
2021-04-12,1.168,1.1295163469548282
2021-04-13,1.1622,1.1264980778105762
2021-04-14,1.1728,1.1387305386484157
2021-04-15,1.1671,1.1385944470567064
2021-04-16,1.1762,1.1500466216196605
2021-04-19,1.1951,1.1655877661967498
2021-04-20,1.1893,1.1661828721239722
2021-04-21,1.1876,1.1646803861213426
2021-04-22,1.1906,1.1692531143967562
2021-04-23,1.1932,1.172389660957423
2021-04-26,1.1897,1.1687414375858056
2021-04-27,1.1795,1.1694012332778954
2021-04-28,1.1887,1.177285529665137
2021-04-29,1.1864,1.1776817227287109
2021-04-30,1.1838,1.1765532618444312
2021-05-06,1.18,1.1772137650241343
2021-05-07,1.1606,1.1690675712349323
2021-05-10,1.1609,1.174791127887638
2021-05-11,1.1477,1.1711709319099408
2021-05-12,1.1556,1.1813319960003368
2021-05-13,1.1341,1.1680851430503674
2021-05-14,1.1407,1.183826978280493
2021-05-17,1.1387,1.19332120808408
2021-05-18,1.1443,1.1972138956372322
2021-05-19,1.1441,1.194454403693158
2021-05-20,1.1368,1.187982560974548
2021-05-21,1.137,1.1842007494289304
2021-05-24,1.1418,1.18715002946051
2021-05-25,1.1519,1.2008551348362546
2021-05-26,1.1612,1.2024035893930556
2021-05-27,1.1693,1.2127798748436271
2021-05-28,1.1675,1.2096531786874254
2021-05-31,1.1726,1.220686538723881
2021-06-01,1.1798,1.2226406195124357
2021-06-02,1.1686,1.2120584370256204
2021-06-03,1.173,1.2095727790693962
2021-06-04,1.1714,1.2141680018227783
2021-06-07,1.1812,1.2193280355209577
2021-06-08,1.1815,1.2126269849562736
2021-06-09,1.1876,1.2141403372430188
2021-06-10,1.1945,1.2273356524414492
2021-06-11,1.1899,1.2201286393888469
2021-06-15,1.1825,1.2088355225539795
2021-06-16,1.1708,1.1911707722717102
2021-06-17,1.1733,1.2002208086982518
2021-06-18,1.1775,1.2077654384681695
2021-06-21,1.184,1.2167292521094015
2021-06-22,1.1867,1.222646333835468
2021-06-23,1.1942,1.2317443524347733
2021-06-24,1.1896,1.225380465069704
2021-06-25,1.1961,1.236001504953139
2021-06-28,1.2014,1.2387411872440346
2021-06-29,1.1926,1.2272951079589818
2021-06-30,1.2032,1.2350526189377382
2021-07-01,1.1883,1.2184507327394791
2021-07-02,1.1722,1.2078165227020077
2021-07-05,1.1786,1.2174253836396938
2021-07-06,1.1768,1.2171504974907774
2021-07-07,1.1879,1.2270614193580223
2021-07-08,1.1886,1.2242536187084396
2021-07-09,1.1963,1.2343915352553776
2021-07-12,1.2176,1.2525037442421394
2021-07-13,1.2192,1.2629284291017593
2021-07-14,1.2106,1.25148213212821
2021-07-15,1.2077,1.2575875325444301
2021-07-16,1.212,1.2562663810593593
2021-07-19,1.2111,1.2497746017026143
2021-07-20,1.2117,1.2519141712308688
2021-07-21,1.223,1.2670453358062748
2021-07-22,1.2339,1.2746655941880074
2021-07-23,1.2309,1.267264493700095
2021-07-26,1.2202,1.2459414519532463
2021-07-27,1.1977,1.2189205589369836
2021-07-28,1.1698,1.201274874538863
2021-07-29,1.2087,1.226109939221372
2021-07-30,1.2252,1.2276390376426949
2021-08-02,1.2434,1.2466295290091691
2021-08-03,1.2198,1.236472601000206
2021-08-04,1.2483,1.2573935176719522
2021-08-05,1.2437,1.2538547553326427
2021-08-06,1.2568,1.2587597669572084
2021-08-09,1.2647,1.2661353616096178
2021-08-10,1.2712,1.2733377306409621
2021-08-11,1.2845,1.2831869559601659
2021-08-12,1.2948,1.287119952166581
2021-08-13,1.3001,1.2859744027353286
2021-08-16,1.2891,1.2793711850090994
2021-08-17,1.2585,1.250693736956831
2021-08-18,1.2703,1.2591479962499528
2021-08-19,1.2627,1.2602452188349893
2021-08-20,1.2614,1.2553414952006943
2021-08-23,1.2897,1.274305773244052
2021-08-24,1.2935,1.2863180058862969
2021-08-25,1.3025,1.2976056260866284
2021-08-26,1.2999,1.2914087420797669
2021-08-27,1.3052,1.3025225742970838
2021-08-30,1.3259,1.311007618371748
2021-08-31,1.3339,1.3161703731761332
2021-09-01,1.3028,1.3048792699598584
2021-09-02,1.3414,1.3255430602358582
2021-09-03,1.3177,1.3204042511660847
2021-09-06,1.3289,1.3343218749365076
2021-09-07,1.3623,1.3603581810239487
2021-09-08,1.3631,1.3685424703000328
2021-09-09,1.3779,1.3818594552272814
2021-09-10,1.3732,1.380086092172212
2021-09-13,1.3836,1.387537061466524
2021-09-14,1.3705,1.3708235917731164
2021-09-15,1.3824,1.3772980467536842
2021-09-16,1.3681,1.3509267906330091
2021-09-17,1.3552,1.3416077637876638
2021-09-22,1.3679,1.3521402951565762
2021-09-23,1.3681,1.3610681357737666
2021-09-24,1.3318,1.3388539680259135
2021-09-27,1.2971,1.3007957784395507
2021-09-28,1.3077,1.3059308142420523
2021-09-29,1.2614,1.2717033979723043
2021-09-30,1.2857,1.2886447149586828
2021-10-08,1.2934,1.2864184872681255
2021-10-11,1.2912,1.286260971500222
2021-10-12,1.2593,1.261176544645008
2021-10-13,1.2525,1.2665107109996545
2021-10-14,1.263,1.2713611553744386
2021-10-15,1.2636,1.2742322852357857
2021-10-18,1.2845,1.2822042556649804
2021-10-19,1.294,1.291687238229583
2021-10-20,1.2831,1.291399980117784
2021-10-21,1.2897,1.2876735702945181
2021-10-22,1.2623,1.2745784099451716
2021-10-25,1.2738,1.2887132868350706
2021-10-26,1.2726,1.2884317249055959
2021-10-27,1.2526,1.2786666724716933
2021-10-28,1.2217,1.26082942219668
2021-10-29,1.232,1.2739310769195047
2021-11-01,1.2403,1.2808711313126036
2021-11-02,1.2242,1.2671465609571329
2021-11-03,1.2306,1.2730884228903807
2021-11-04,1.2383,1.283246874718819
2021-11-05,1.2278,1.268381562219726
2021-11-08,1.2376,1.2747423838051368
2021-11-09,1.2479,1.2846802990459438
2021-11-10,1.2522,1.2811569018863433
2021-11-11,1.262,1.2915928158442396
2021-11-12,1.2701,1.298260215395511
2021-11-15,1.2763,1.2876660781820979
2021-11-16,1.2617,1.2781831681803273
2021-11-17,1.2776,1.288812843040789
2021-11-18,1.2681,1.2852116041029928
2021-11-19,1.2839,1.3006662537841518
2021-11-22,1.2992,1.3161217197971724
2021-11-23,1.2971,1.3172655821425774
2021-11-24,1.2966,1.3163100384873263
2021-11-25,1.2933,1.3122157895271516
2021-11-26,1.29,1.3097341225266959
2021-11-29,1.2857,1.3101033947795395
2021-11-30,1.3025,1.315701145621994
2021-12-01,1.3218,1.3193441263289885
2021-12-02,1.3103,1.3115710143413182
2021-12-03,1.3158,1.3246194986488802
2021-12-06,1.3,1.313469947377434
2021-12-07,1.2981,1.3073692091231799
2021-12-08,1.3093,1.3248141847275556
2021-12-09,1.3171,1.3279574614909049
2021-12-10,1.3174,1.3254773183099244
2021-12-13,1.3277,1.333891813171025
2021-12-14,1.3385,1.3286496020654284
2021-12-15,1.3361,1.3268582978501084
2021-12-16,1.35,1.3389651887069014
2021-12-17,1.3359,1.3269129920848461
2021-12-20,1.3187,1.3054004887832376
2021-12-21,1.3409,1.3198213176539566
2021-12-22,1.3476,1.3247184924926494
2021-12-23,1.3429,1.3310182161733846
2021-12-24,1.3256,1.32041780227499
2021-12-27,1.3267,1.319328216928038
2021-12-28,1.3368,1.321738083006075
2021-12-29,1.3318,1.3147975388138589
2021-12-30,1.3497,1.326259908454731
2021-12-31,1.3543,1.3350477028058596
2022-01-04,1.3747,1.3341504271048301
2022-01-05,1.3632,1.3102443299402953
2022-01-06,1.362,1.3115659530837753
2022-01-07,1.3479,1.301718432991127
2022-01-10,1.3694,1.3045801478250016
2022-01-11,1.3579,1.2943800086494897
2022-01-12,1.3707,1.3055745488768726
2022-01-13,1.3647,1.2875838100711405
2022-01-14,1.3534,1.2845690783649562
2022-01-17,1.3904,1.2984863574619263
2022-01-18,1.3799,1.299447688003042
2022-01-19,1.3877,1.2913938304177588
2022-01-20,1.3578,1.2801508363592033
2022-01-21,1.3481,1.2656074488649722
2022-01-24,1.3408,1.2660845676271084
2022-01-25,1.2822,1.2234014770890114
2022-01-26,1.2872,1.2304073641115842
2022-01-27,1.2419,1.198359916726894
2022-01-28,1.2471,1.193754734724798
2022-02-07,1.2579,1.2111847261043336
2022-02-08,1.2673,1.2230813842956616
2022-02-09,1.2904,1.241373567246879
2022-02-10,1.2897,1.2409124123078172
2022-02-11,1.2662,1.2235950203030805
2022-02-14,1.2599,1.214646626263682
2022-02-15,1.2607,1.2263622220480714
2022-02-16,1.272,1.2284948436851468
2022-02-17,1.2709,1.2279062139906947
2022-02-18,1.2838,1.2399213310055177
2022-02-21,1.2942,1.2457429019037585
2022-02-22,1.2794,1.2308039018486108
2022-02-23,1.2999,1.2494274066914541
2022-02-24,1.2677,1.227196331803709
2022-02-25,1.2738,1.2370930857779752
2022-02-28,1.2718,1.2432386134403781
2022-03-01,1.2791,1.2470003795036122
2022-03-02,1.277,1.2472172879496355
2022-03-03,1.2674,1.244371337391047
2022-03-04,1.2564,1.234263606982286
2022-03-07,1.225,1.2080605333658414
2022-03-08,1.1846,1.166427354446215
2022-03-09,1.1628,1.143882173198773
2022-03-10,1.1838,1.1637155725642834
2022-03-11,1.2022,1.1744524590092562
2022-03-14,1.1738,1.147141804463485
2022-03-15,1.1147,1.0820898422193779
2022-03-16,1.1476,1.116791220768063
2022-03-17,1.1789,1.136973302682793
2022-03-18,1.1854,1.1487089258088579
2022-03-21,1.1939,1.1535572840022175
2022-03-22,1.1866,1.1534060449192955
2022-03-23,1.1976,1.160660804315457
2022-03-24,1.2022,1.150867379814181
2022-03-25,1.1859,1.1371026822125279
2022-03-28,1.1773,1.1398317340485127
2022-03-29,1.177,1.1343510270543264
2022-03-30,1.1989,1.15699157400393
2022-03-31,1.1966,1.1473926904556655
2022-04-01,1.2019,1.1545691001338059
2022-04-06,1.2058,1.1531915854688575
2022-04-07,1.1835,1.128640622414949
2022-04-08,1.1777,1.1290988385593084
2022-04-11,1.162,1.0938653749031286
2022-04-12,1.189,1.111464219993092
2022-04-13,1.1737,1.0964835870129945
2022-04-14,1.1875,1.1113887002255254
2022-04-15,1.1729,1.1012768337353314
2022-04-18,1.1791,1.101867858003245
2022-04-19,1.1862,1.1052038253673857
2022-04-20,1.1784,1.080627610447887
2022-04-21,1.1357,1.0448687374647707
2022-04-22,1.1338,1.041455218573763
2022-04-25,1.0645,0.9741047016361467
2022-04-26,1.0474,0.9494857290677998
2022-04-27,1.0782,0.986317080710187
2022-04-28,1.0637,0.9830021747080798
2022-04-29,1.1114,1.020941288686874
2022-05-05,1.1281,1.0316080612952756
2022-05-06,1.1084,1.0093071446815798
2022-05-09,1.1219,1.0174245491671239
2022-05-10,1.138,1.0322220335588586
2022-05-11,1.1403,1.040880684209457
2022-05-12,1.1499,1.0418391303779944
2022-05-13,1.1589,1.0515808175799426
2022-05-16,1.1599,1.0505430783765664
2022-05-17,1.1613,1.0551248770059996
2022-05-18,1.1717,1.0517056619326675
2022-05-19,1.1815,1.0591284405666868
2022-05-20,1.1938,1.0756511425743551
2022-05-23,1.2128,1.0822252444641816
2022-05-24,1.1679,1.0423061447657527
2022-05-25,1.1927,1.0601891640471486
2022-05-26,1.2018,1.072398967140647
2022-05-27,1.2016,1.0702863547045387
2022-05-30,1.216,1.0780717479515511
2022-05-31,1.2299,1.0932021143358033
2022-06-01,1.2394,1.0927316713542257
2022-06-02,1.2595,1.102671128555216
2022-06-06,1.2813,1.1224461692629648
2022-06-07,1.2648,1.12228709339417
2022-06-08,1.2614,1.127957951290022
2022-06-09,1.2322,1.1121498843348456
2022-06-10,1.2528,1.1319989028499777
2022-06-13,1.2621,1.1308226956221392
2022-06-14,1.2572,1.1384319607348004
2022-06-15,1.2623,1.1358008505815187
2022-06-16,1.2725,1.1364830681887446
2022-06-17,1.2729,1.1458232108182476
2022-06-20,1.2824,1.1483783295455534
2022-06-21,1.2881,1.1386924975836576
2022-06-22,1.2657,1.1210177517712587
2022-06-23,1.2963,1.1429507022630896
2022-06-24,1.3057,1.1552515717109444
2022-06-27,1.3129,1.1624102579173308
2022-06-28,1.339,1.1793912849136068
2022-06-29,1.3114,1.1563426808773718
2022-06-30,1.3129,1.1708154103137907
2022-07-01,1.3079,1.167996289862392
2022-07-04,1.3063,1.1833421678581484
2022-07-05,1.2933,1.1812375917557012
2022-07-06,1.2833,1.1643695632298006
2022-07-07,1.2945,1.170617404485544
2022-07-08,1.3004,1.1618106349538064
2022-07-11,1.2873,1.146336774262834
2022-07-12,1.2643,1.1322485371333038
2022-07-13,1.2859,1.1371492494100643
2022-07-14,1.29,1.1433057703415386
2022-07-15,1.2657,1.1241433776256862
2022-07-18,1.3048,1.145106017925922
2022-07-19,1.3168,1.1493425263185393
2022-07-20,1.3259,1.1629479666443174
2022-07-21,1.326,1.1514992932380148
2022-07-22,1.3278,1.1409657278487444
2022-07-25,1.3157,1.1303902392831953
2022-07-26,1.3217,1.1443078811943261
2022-07-27,1.3368,1.148711846462852
2022-07-28,1.3501,1.1516021691933045
2022-07-29,1.3523,1.1417969169503874
2022-08-01,1.3644,1.1514308483465834
2022-08-02,1.3219,1.1192809785243043
2022-08-03,1.3176,1.1109940309814268
2022-08-04,1.3401,1.117238062688482
2022-08-05,1.3564,1.1375151474912126
2022-08-08,1.3696,1.1470505022799242
2022-08-09,1.3743,1.1503894810015993
2022-08-10,1.3859,1.146865684746422
2022-08-11,1.4044,1.1681452432161008
2022-08-12,1.4012,1.1647881963492188
2022-08-15,1.3972,1.1687712246284057
2022-08-16,1.4003,1.1728306252884373
2022-08-17,1.4001,1.1779677291316553
2022-08-18,1.4067,1.1734871375123719
2022-08-19,1.3974,1.159502520107161
2022-08-22,1.4086,1.1741899629639305
2022-08-23,1.4174,1.1730515609716452
2022-08-24,1.3703,1.140066746921159
2022-08-25,1.3677,1.1469818396999962
2022-08-26,1.3621,1.1425696204093123
2022-08-29,1.3746,1.1447516029129623
2022-08-30,1.3649,1.140311719042519
2022-08-31,1.318,1.1166958187844855
2022-09-01,1.3129,1.1114391858159982
2022-09-02,1.3352,1.1155496525691597
2022-09-05,1.3382,1.1215758506540814
2022-09-06,1.3519,1.141335471759997
2022-09-07,1.3568,1.1431483996992997
2022-09-08,1.3408,1.1378895535644316
2022-09-09,1.3367,1.1459435199939627
2022-09-13,1.3371,1.142941160250661
2022-09-14,1.324,1.133787540381216
2022-09-15,1.2918,1.1079975125461137
2022-09-16,1.2599,1.080189131393874
2022-09-19,1.2397,1.072687150428556
2022-09-20,1.2593,1.080876392117935
2022-09-21,1.269,1.0845569240905701
2022-09-22,1.2673,1.0822538523607592
2022-09-23,1.2391,1.068415485343759
2022-09-26,1.2101,1.0533072143418987
2022-09-27,1.2391,1.0739395486301588
2022-09-28,1.2036,1.0466317421755498
2022-09-29,1.1974,1.047060116855185
2022-09-30,1.1858,1.0365714678590192
2022-10-10,1.1644,1.0223578602962304
2022-10-11,1.1771,1.0312096913467372
2022-10-12,1.2143,1.0558715122674724
2022-10-13,1.2349,1.0576641407544793
2022-10-14,1.2635,1.083624110742492
2022-10-17,1.2991,1.0912717615933638
2022-10-18,1.3012,1.0949139441092042
2022-10-19,1.2998,1.083494168850808
2022-10-20,1.2992,1.0791657052091406
2022-10-21,1.3033,1.0806204085867952
2022-10-24,1.2943,1.0697399747191094
2022-10-25,1.2975,1.0648198337440389
2022-10-26,1.3197,1.0832906845287336
2022-10-27,1.3128,1.0817310915771967
2022-10-28,1.2672,1.0488589494643412
2022-10-31,1.295,1.0534501994026628
2022-11-01,1.3213,1.0777657867697639
2022-11-02,1.3343,1.0880440761155084
2022-11-03,1.3322,1.0878472312925762
2022-11-04,1.3471,1.1126535973749672
2022-11-07,1.3554,1.114095039895045
2022-11-08,1.3555,1.1127975438932571
2022-11-09,1.3532,1.110361645899184
2022-11-10,1.3465,1.1047138085618338
2022-11-11,1.3482,1.1135893313770395
2022-11-14,1.3498,1.1119370394074228
2022-11-15,1.3718,1.1313241773551719
2022-11-16,1.3746,1.1254345425203685
2022-11-17,1.381,1.1278450435231868
2022-11-18,1.3722,1.1232087320660962
2022-11-21,1.3681,1.1228570744407582
2022-11-22,1.3601,1.1111909120857753
2022-11-23,1.3561,1.1094140297333461
2022-11-24,1.3587,1.1102232867189699
2022-11-25,1.3562,1.1043807451622358
2022-11-28,1.3492,1.0984714457999183
2022-11-29,1.3709,1.1181608442250144
2022-11-30,1.3705,1.1167685630237223
2022-12-01,1.3773,1.1222027209610803
2022-12-02,1.3847,1.1189211757210569
2022-12-05,1.3955,1.1274675716703093
2022-12-06,1.3951,1.1267650001886633
2022-12-07,1.3975,1.1254504519213187
2022-12-08,1.3963,1.122235628205463
2022-12-09,1.3937,1.1233272271710075
2022-12-12,1.3847,1.1165259673351153
2022-12-13,1.3879,1.1105127398564418
2022-12-14,1.3901,1.1059275126331891
2022-12-15,1.3833,1.1069239998664844
2022-12-16,1.3815,1.1016602920218617
2022-12-19,1.3559,1.0769186157043384
2022-12-20,1.3473,1.0663165147200961
2022-12-21,1.346,1.0604758597969983
2022-12-22,1.3361,1.0483615856720334
2022-12-23,1.3327,1.0455117348612164
2022-12-26,1.3409,1.0600079202331298
2022-12-27,1.3512,1.0677007958691431
2022-12-28,1.34,1.063425847316191
2022-12-29,1.3379,1.0625742136365879
2022-12-30,1.3467,1.0638558183781337
2023-01-03,1.3738,1.0804418677382746
2023-01-04,1.3818,1.0798172650197806
2023-01-05,1.3895,1.0903407441753814
2023-01-06,1.3891,1.0907672503620884
2023-01-09,1.3977,1.095702266717751
2023-01-10,1.3925,1.0972038638256867
2023-01-11,1.3854,1.0910105716790168
2023-01-12,1.3882,1.0912156705241067
2023-01-13,1.3921,1.0989078930946306
2023-01-16,1.4118,1.111331919809363
2023-01-17,1.414,1.112504154222141
2023-01-18,1.424,1.1159176186910247
2023-01-19,1.4385,1.1255086835941241
2023-01-20,1.4469,1.1340543357743469
2023-01-30,1.465,1.1398400424927946
2023-01-31,1.4765,1.1408963396404947
2023-02-01,1.5087,1.1548202582366072
2023-02-02,1.5174,1.155588698629143
2023-02-03,1.5165,1.1507895743174015
2023-02-06,1.5172,1.143288173854741
2023-02-07,1.5356,1.1459916472923903
2023-02-08,1.5304,1.1371096301037067
2023-02-09,1.5499,1.152762539583025
2023-02-10,1.547,1.1490781617802857
2023-02-13,1.5584,1.1580715810570374
2023-02-14,1.5616,1.1605000232201064
2023-02-15,1.5671,1.1581659127388406
2023-02-16,1.5305,1.1409559500071111
2023-02-17,1.5279,1.1315094846877913
2023-02-20,1.5438,1.1512216315607684
2023-02-21,1.5506,1.1579984558629317
2023-02-22,1.5558,1.1564825457363532
2023-02-23,1.5527,1.153807117833332
2023-02-24,1.5537,1.1502739065506822
2023-02-27,1.5394,1.1441717714619088
2023-02-28,1.5553,1.1533018991144433
2023-03-01,1.5769,1.1613937252016522
2023-03-02,1.5814,1.1577821097788576
2023-03-03,1.5825,1.159248876727358
2023-03-06,1.5809,1.1601380253911864
2023-03-07,1.5502,1.1400162613306863
2023-03-08,1.5678,1.1431395651744847
2023-03-09,1.5787,1.1403162179381128
2023-03-10,1.5663,1.125612593569772
2023-03-13,1.5741,1.1328877431217692
2023-03-14,1.5616,1.1228004210095521
2023-03-15,1.5763,1.129193768884477
2023-03-16,1.5606,1.1139903498689514
2023-03-17,1.5852,1.1216734113819156
2023-03-20,1.5785,1.1175318514551749
2023-03-21,1.5988,1.1310149689866456
2023-03-22,1.6224,1.1373749379587785
2023-03-23,1.6292,1.143909239135167
2023-03-24,1.639,1.1446964370198154
2023-03-27,1.6518,1.1449688923138546
2023-03-28,1.6304,1.1392222606805233
2023-03-29,1.6277,1.1357082785483952
2023-03-30,1.6035,1.1403570708126167
2023-03-31,1.6349,1.1500879280118654
2023-04-03,1.6661,1.1635100564829086
2023-04-04,1.6629,1.162619728673058
2023-04-06,1.6579,1.1640612256152603
2023-04-07,1.6721,1.1726999759091399
2023-04-10,1.6463,1.1629140435202843
2023-04-11,1.6582,1.1647925501191483
2023-04-12,1.6836,1.1688854748076358
2023-04-13,1.6651,1.1618481862194474
2023-04-14,1.6606,1.1666414148010762
2023-04-17,1.647,1.1717517973813525
2023-04-18,1.6425,1.1700490198212632
2023-04-19,1.6415,1.1640837200932288
2023-04-20,1.6481,1.163138008701735
2023-04-21,1.5853,1.1338930467391715
2023-04-24,1.5871,1.126316598167353
2023-04-25,1.5621,1.1098762005520582
2023-04-26,1.5497,1.1142302425920605
2023-04-27,1.5438,1.1170931909940818
2023-04-28,1.5956,1.1322058701879958
2023-05-04,1.6086,1.1360417229028617
2023-05-05,1.6106,1.124828370761242
2023-05-08,1.6289,1.1335371623288606
2023-05-09,1.6142,1.1214541627845551
2023-05-10,1.6089,1.1199727200032508
2023-05-11,1.6167,1.116464488475571
2023-05-12,1.601,1.1050677881978004
2023-05-15,1.6056,1.1173567392004737
2023-05-16,1.5841,1.1085473029846544
2023-05-17,1.5971,1.1105835430399182
2023-05-18,1.6071,1.1116945525630644
2023-05-19,1.5995,1.109682221960996
2023-05-22,1.5985,1.1093614579614488
2023-05-23,1.5773,1.0979536011482343
2023-05-24,1.5748,1.089493065170131
2023-05-25,1.5794,1.0862997926154256
2023-05-26,1.587,1.0947887188016103
2023-05-29,1.5814,1.0930058137341123
2023-05-30,1.5957,1.0995643508964412
2023-05-31,1.6024,1.0971141217430174
2023-06-01,1.6118,1.0977777451245032
2023-06-02,1.6211,1.1075297906707418
2023-06-05,1.631,1.1060581801531946
2023-06-06,1.5924,1.0854347892339977
2023-06-07,1.6052,1.0860861857782655
2023-06-08,1.595,1.0823014354379459
2023-06-09,1.6132,1.0901808338340169
2023-06-12,1.6267,1.093469671638672
2023-06-13,1.6493,1.0964311240853455
2023-06-14,1.6506,1.096438289665021
2023-06-15,1.6406,1.106004048280406
2023-06-16,1.661,1.1152929978318225
2023-06-19,1.6782,1.1122766334619147
2023-06-20,1.6799,1.111320327896926
2023-06-21,1.6402,1.0867817912280244
2023-06-26,1.5873,1.0679493598506948
2023-06-27,1.6086,1.0790098402456687
2023-06-28,1.591,1.0779773255662077
2023-06-29,1.6156,1.0776629470958903
2023-06-30,1.6367,1.0882119683684102
2023-07-03,1.6468,1.0961182150123794
2023-07-04,1.6574,1.0984666203715798
2023-07-05,1.6522,1.0922195954476983
2023-07-06,1.6492,1.086365824792688
2023-07-07,1.6381,1.0814774844788102
2023-07-10,1.6447,1.0855910170116303
2023-07-11,1.6606,1.093745337838034
2023-07-12,1.6495,1.0816930142310228
2023-07-13,1.6676,1.0964349699154496
2023-07-14,1.6661,1.0939788087504971
2023-07-17,1.6633,1.0907444474920835
2023-07-18,1.6686,1.0887689788087505
2023-07-19,1.6661,1.0872474813440958
2023-07-20,1.6449,1.074924806765178
2023-07-21,1.642,1.0749504214449292
2023-07-24,1.6413,1.0733338303887336
2023-07-25,1.6821,1.0914594997808602
2023-07-26,1.6786,1.088721885530681
2023-07-27,1.6671,1.0814010395351334
2023-07-28,1.6943,1.0962872138484714
2023-07-31,1.719,1.104450405481106
2023-08-01,1.7169,1.1063798149067277
2023-08-02,1.7141,1.1024950911244047
2023-08-03,1.7232,1.1063449666065848
2023-08-04,1.7333,1.1117634509721968
2023-08-07,1.7182,1.1049016737342865
2023-08-08,1.7103,1.1004338350327547
2023-08-09,1.6954,1.0923881951882135
2023-08-10,1.6975,1.094194991568199
2023-08-11,1.6687,1.0727235951110066
2023-08-14,1.6785,1.0733499393374724
2023-08-15,1.669,1.066633396608123
2023-08-16,1.6567,1.0581865931460053
2023-08-17,1.6706,1.0656506600315212
2023-08-18,1.6449,1.0481333211427775
2023-08-21,1.6371,1.035975618162767
2023-08-22,1.6458,1.0414690417932888
2023-08-23,1.6202,1.0212311409199226
2023-08-24,1.6125,1.025434887193821
2023-08-25,1.5737,1.012471301399882
2023-08-28,1.5927,1.0238870494210939
2023-08-29,1.6353,1.0467760877894168
2023-08-30,1.6443,1.04765371710364
2023-08-31,1.6285,1.041167506944263
2023-09-01,1.6282,1.0432363277111651
2023-09-04,1.6558,1.0575640947496436
2023-09-05,1.6528,1.0501138692243615
2023-09-06,1.6697,1.0504160389981687
2023-09-07,1.6386,1.0345103024709095
2023-09-08,1.6513,1.0355845770602765
2023-09-11,1.6697,1.0475770000493427
2023-09-12,1.6726,1.0468868186712874
2023-09-13,1.6388,1.0368135374670926
2023-09-14,1.6236,1.0344016759111714
2023-09-15,1.6203,1.0348662957254686
2023-09-18,1.6338,1.0375920278118822
2023-09-19,1.612,1.0318254595404162
2023-09-20,1.5991,1.0251325360129335
2023-09-21,1.5889,1.0180417686174459
2023-09-22,1.6245,1.0338057173706712
2023-09-25,1.615,1.0279730080776945
2023-09-26,1.6074,1.0243430886804885
2023-09-27,1.616,1.029366377721469
2023-09-28,1.6318,1.0323459164540576
2023-10-09,1.634,1.0264163539208602
2023-10-10,1.6328,1.0213892371904834
2023-10-11,1.6388,1.0212835131440314
2023-10-12,1.6539,1.0288759981017563
2023-10-13,1.6436,1.0219355808944965
2023-10-16,1.6206,1.012372434541069
2023-10-17,1.6125,1.015034710430762
2023-10-18,1.5828,1.0022013386391275
2023-10-19,1.5651,0.9912131852471054
2023-10-20,1.5508,0.9838930104577553
2023-10-23,1.5077,0.9597040996548912
2023-10-24,1.5381,0.9708929255592418
2023-10-25,1.5587,0.9752441557894982
2023-10-26,1.5656,0.97940485416322
2023-10-27,1.5825,0.9962926560608831
2023-10-30,1.6035,1.0061540719358892
2023-10-31,1.6002,1.0028616059896265
2023-11-01,1.6075,0.9995468813945996
2023-11-02,1.5934,0.9903831934321928
2023-11-03,1.6084,0.9996177752816163
2023-11-06,1.6368,1.0167979509707457
2023-11-07,1.6418,1.0178929603894011
2023-11-08,1.6454,1.0173340451747168
2023-11-09,1.6449,1.0144386974681376
2023-11-10,1.6396,1.0109997815858753
2023-11-13,1.6586,1.0168898699383797
2023-11-14,1.6661,1.0214222532791144
2023-11-15,1.6786,1.0276016315027183
2023-11-16,1.669,1.017577747446514
2023-11-17,1.6814,1.0215800592983466
2023-11-20,1.6987,1.0267228411831806
2023-11-21,1.6865,1.023332651242711
2023-11-22,1.6724,1.0109632643405926
2023-11-23,1.6896,1.0200500357009135
2023-11-24,1.6693,1.0105137194546758
2023-11-27,1.6685,1.009803764704858
2023-11-28,1.6873,1.0143368736739142
2023-11-29,1.6767,1.0074142706419489
2023-11-30,1.6604,1.0059114036844503
2023-12-01,1.6682,1.0098694340679595
2023-12-04,1.6658,1.008454331855954
2023-12-05,1.631,0.9905568181488351
2023-12-06,1.6425,0.9944416870568225
2023-12-07,1.6424,0.9943167882819735
2023-12-08,1.6289,0.9973742594962979
2023-12-11,1.6497,1.0095038806602636
2023-12-12,1.6585,1.0097440636347013
2023-12-13,1.6489,0.9991018172635686
2023-12-14,1.6474,0.9958027299588713
2023-12-15,1.6384,0.9886298395780907
2023-12-18,1.6157,0.9769261440981746
2023-12-19,1.6245,0.9759471445074289
2023-12-20,1.6041,0.9631421629238758
2023-12-21,1.6124,0.968489227321938
2023-12-22,1.5899,0.9635782111230115
2023-12-25,1.5801,0.9642465873700037
2023-12-26,1.5502,0.9538899664469463
2023-12-27,1.5583,0.9588325837592772
2023-12-28,1.5962,0.9764774155441196
2023-12-29,1.6234,0.9849005453822465
2024-01-02,1.6229,0.9813135106188449
2024-01-03,1.6145,0.9798512969880621
2024-01-04,1.6056,0.9714932560103794
2024-01-05,1.5744,0.9581688152521268
2024-01-08,1.5377,0.9374573149139841
2024-01-09,1.5431,0.9398071352484116
2024-01-10,1.5256,0.935711942971419
2024-01-11,1.5555,0.947645789614227
2024-01-12,1.5435,0.9444375509753896
2024-01-15,1.5367,0.9421005924029618
2024-01-16,1.5277,0.9415748565432809
2024-01-17,1.4895,0.9181991029782689
2024-01-18,1.4766,0.919182039102659
2024-01-19,1.4542,0.9103793149488143
2024-01-22,1.3612,0.8673026798905172
2024-01-23,1.3677,0.8826802315625101
2024-01-24,1.3886,0.8950082757910074
2024-01-25,1.4422,0.9203103911426904
2024-01-26,1.4382,0.9119503002649996
2024-01-29,1.3915,0.8939584367353691
2024-01-30,1.3462,0.8734734231370943
2024-01-31,1.2712,0.8520653558916665
2024-02-01,1.2486,0.848754894363029
2024-02-02,1.1919,0.8278007983362794
2024-02-05,1.0826,0.8091233793091438
2024-02-06,1.1288,0.8718245234798814
2024-02-07,1.1463,0.926911903642364
2024-02-08,1.2276,0.9342879699531824
2024-02-19,1.2611,0.9327233157441027
2024-02-20,1.2681,0.9326060904887543
2024-02-21,1.2812,0.9322577344722796
2024-02-22,1.3216,0.9390252888726348
2024-02-23,1.3803,0.94290166792926
2024-02-26,1.4072,0.9424939917974975
2024-02-27,1.4683,0.9628732813493204
2024-02-28,1.3309,0.9404228490199663
2024-02-29,1.3996,0.9699460894438495
2024-03-01,1.4378,0.9757974292439824
2024-03-04,1.4455,0.9775701029521462
2024-03-05,1.4156,0.9708592745458292
2024-03-06,1.4294,0.9705463110507389
2024-03-07,1.4065,0.9573393676584554
2024-03-08,1.431,0.9704544102238128
2024-03-11,1.4562,0.9870451217459197
2024-03-12,1.4761,0.9839009016657525
2024-03-13,1.4919,0.9823397667540325
2024-03-14,1.4736,0.9783150874091876
2024-03-15,1.4963,0.9894207563078871
2024-03-18,1.5342,1.002899429365888
2024-03-19,1.5401,0.9937887666930796
2024-03-20,1.5617,0.9965441951185531
2024-03-21,1.5617,0.9915400082431377
2024-03-22,1.5444,0.9767983246693311
2024-03-25,1.489,0.9605044676935759
2024-03-26,1.4861,0.9586309860708389
2024-03-27,1.4147,0.9354589889385219
2024-03-28,1.4694,0.9476353949885205
2024-03-29,1.4857,0.9589470697677118
2024-04-01,1.5245,0.9798204396436875
2024-04-02,1.5116,0.9761930599456068
2024-04-03,1.4807,0.9749896597964177
2024-04-08,1.4335,0.9612019597769709
2024-04-09,1.4572,0.9692395632878509
2024-04-10,1.4189,0.9570081001889537
2024-04-11,1.42,0.9617857640430849
2024-04-12,1.4057,0.9573248913734402
2024-04-15,1.3521,0.9686634325412375
2024-04-16,1.2518,0.9417846538317529
2024-04-17,1.3431,0.968667858873999
2024-04-18,1.3417,0.9704981474708951
2024-04-19,1.3305,0.9641544507138731
2024-04-22,1.328,0.9555765080733408
2024-04-23,1.3448,0.9448172722760638
2024-04-24,1.3822,0.9547525571142051
2024-04-25,1.381,0.9540806797105613
2024-04-26,1.4106,0.9745407679759904
2024-04-29,1.4578,0.9938370209764634
2024-04-30,1.4401,0.9870615209459871
2024-05-06,1.4608,1.0029278377146773
2024-05-07,1.4765,1.0026522985002715
2024-05-08,1.4465,0.990256970385657
2024-05-09,1.4661,1.008037639792296
2024-05-10,1.4367,1.0041599183232761
2024-05-13,1.3914,0.9986930526893237
2024-05-14,1.4078,0.9978728024346282
2024-05-15,1.3904,0.9880619084315109
2024-05-16,1.4007,0.9840726760301746
2024-05-17,1.4315,0.9962685289191912
2024-05-20,1.4329,1.0020022443683987
2024-05-21,1.4149,0.9939136291865126
2024-05-22,1.4268,0.9920439933938797
2024-05-23,1.4004,0.9727601486377054
2024-05-24,1.381,0.9638982857756532
2024-05-27,1.3968,0.9744044224143686
2024-05-28,1.3867,0.9643833683086185
2024-05-29,1.3929,0.9665925074522029
2024-05-30,1.3992,0.9630285113880108
2024-05-31,1.4219,0.9630067969604881
2024-06-03,1.3971,0.9567534046480848
2024-06-04,1.3677,0.9690674805313921
2024-06-05,1.348,0.9574557765819423
2024-06-06,1.2909,0.9485413782294088
2024-06-07,1.313,0.9449458173332289
2024-06-11,1.3423,0.9464860360085798
2024-06-12,1.3596,0.9492947981156884
2024-06-13,1.3695,0.9423354057278197
2024-06-14,1.3698,0.9456919265141687
2024-06-17,1.3705,0.9446098877017609
2024-06-18,1.3947,0.9489207185752143
2024-06-19,1.3891,0.937660617828978
2024-06-20,1.3702,0.9241902169338431
2024-06-21,1.3632,0.9255986433652901
2024-06-24,1.3006,0.9057491713324568
2024-06-25,1.2911,0.897717300285317
2024-06-26,1.3494,0.9107418751396835
2024-06-27,1.322,0.8939834164903391
2024-06-28,1.3305,0.8966555972066211
2024-07-01,1.324,0.9076087934542519
2024-07-02,1.3212,0.8978701901726706
2024-07-03,1.3048,0.8908764755651919
2024-07-04,1.2655,0.8770122036171121
2024-07-05,1.2795,0.8827748716363498
2024-07-08,1.2362,0.8677819029747859
2024-07-09,1.2736,0.884704008951351
2024-07-10,1.2676,0.8787653579234259
2024-07-11,1.3108,0.8961023237521369
2024-07-12,1.3015,0.892407442479443
2024-07-15,1.2781,0.8859735138406346
2024-07-16,1.287,0.8885976579620294
2024-07-17,1.2663,0.8810178896406398
2024-07-18,1.2564,0.8848477922032688
2024-07-19,1.2784,0.8838249465211928
2024-07-22,1.2947,0.8827228259449857
2024-07-23,1.2611,0.8567492504259439
2024-07-24,1.2359,0.8468195166444624
2024-07-25,1.2443,0.8463454455212769
2024-07-26,1.2686,0.8592123413413675
2024-07-29,1.2716,0.8542176964783806
2024-07-30,1.2794,0.8524830275535586
2024-07-31,1.3313,0.8864300247584384
2024-08-01,1.3373,0.8803635724423778
2024-08-02,1.3101,0.8686888295324922
2024-08-05,1.2647,0.8514972251972983
2024-08-06,1.2922,0.8618244037512082
2024-08-07,1.2972,0.8620357067184475
2024-08-08,1.2866,0.86273849588859
2024-08-09,1.2695,0.8562977282028509
2024-08-12,1.2555,0.855181748125702
2024-08-13,1.265,0.858388426663648
2024-08-14,1.2634,0.8466401050419557
2024-08-15,1.2813,0.8523184913316441
2024-08-16,1.2872,0.847239800568312
2024-08-19,1.2822,0.8495226091272433
2024-08-20,1.2569,0.8348371073262338
2024-08-21,1.2564,0.832136373135498
2024-08-22,1.23,0.8223853253282016
2024-08-23,1.2325,0.823059742430971
2024-08-26,1.2473,0.8243789710009898
2024-08-27,1.2187,0.8154766362193023
2024-08-28,1.2318,0.8163334581414046
2024-08-29,1.2583,0.8268354405579792
2024-08-30,1.2947,0.8415681989034306
2024-09-02,1.2676,0.8248368061904804
2024-09-03,1.2859,0.833834361548665
2024-09-04,1.2799,0.8312224805459046
2024-09-05,1.2974,0.8346705030636027
2024-09-06,1.2681,0.8231263551108905
2024-09-09,1.2612,0.8176355618830345
2024-09-10,1.2806,0.8177300386905022
2024-09-11,1.275,0.819037693488792
2024-09-12,1.274,0.815713608288417
2024-09-13,1.2448,0.8074354227075224
2024-09-18,1.2329,0.8095962350048908
2024-09-19,1.267,0.8200314596158814
2024-09-20,1.2726,0.8160398145003758
2024-09-23,1.2779,0.8153681910666446
2024-09-24,1.3227,0.8507259911357244
2024-09-25,1.3398,0.8583231563961233
2024-09-26,1.3821,0.8958215237323999
2024-09-27,1.4597,0.9436189696658337
2024-09-30,1.6422,1.0418602280214437
2024-10-08,1.8242,1.1166661043047175
2024-10-09,1.6551,1.0404858879804022
2024-10-10,1.6313,1.0323663247506016
2024-10-11,1.5494,0.9924442681167622
2024-10-14,1.6024,1.017358662115526
2024-10-15,1.5788,0.9927611318640812
2024-10-16,1.5791,0.9906799754157125
2024-10-17,1.5848,0.9830428461755034
2024-10-18,1.6528,1.023139525264927
2024-10-21,1.7004,1.0347868031428415
2024-10-22,1.6955,1.0437890750851162
2024-10-23,1.705,1.0478767752496887
2024-10-24,1.6922,1.0388646710436567
2024-10-25,1.7255,1.0539185199213998
2024-10-28,1.7677,1.067348521459732
2024-10-29,1.7429,1.0544338430146662
2024-10-30,1.7462,1.0590425261734135
2024-10-31,1.7835,1.0705358620029084
2024-11-01,1.7029,1.0579337479573563
2024-11-04,1.7533,1.0755459808898524
2024-11-05,1.8264,1.1087547601217895
2024-11-06,1.8442,1.1112610984851783
2024-11-07,1.8759,1.1319003262424934
2024-11-08,1.8907,1.128795580343019
2024-11-11,1.9619,1.1484184205103198
2024-11-12,1.9391,1.1363127269402575
2024-11-13,1.9493,1.1355795158027335
2024-11-14,1.8896,1.1026475819161812
2024-11-15,1.856,1.0747432364184146
2024-11-18,1.7953,1.0581539942936589
2024-11-19,1.8553,1.0769415455592997
2024-11-20,1.9068,1.0870620470265202
2024-11-21,1.9167,1.0857781202743455
2024-11-22,1.8475,1.0431352839673875
2024-11-25,1.8724,1.0404873936591694
2024-11-26,1.8502,1.032293217697204
2024-11-27,1.8976,1.0530566367417549
2024-11-28,1.8979,1.044468771133925
2024-11-29,1.9303,1.0615830779121642
2024-12-02,1.9677,1.0782155674848852
2024-12-03,1.9693,1.0761286967134842
2024-12-04,1.939,1.0665411148263282
2024-12-05,1.9737,1.0706620306273202
2024-12-06,1.9955,1.084668670852091
2024-12-09,1.9888,1.0788476623157992
2024-12-10,2.0076,1.0870082235457683
2024-12-11,2.0388,1.0969876628672768
2024-12-12,2.0466,1.1066547554777684
2024-12-13,2.0127,1.0863185682482461
2024-12-16,1.9922,1.0725877574892098
2024-12-17,1.9239,1.0608981391987322
2024-12-18,1.9483,1.068236672384618
2024-12-19,1.9716,1.0706492595688606
2024-12-20,1.9883,1.0734174590527938
2024-12-23,1.9033,1.0555263490156126
2024-12-24,1.9212,1.0694418140417787
2024-12-25,1.8896,1.0594697579884422
2024-12-26,1.9196,1.0679544573896536
2024-12-27,1.9269,1.070150571504866
2024-12-30,1.9158,1.0700993240046557
2024-12-31,1.8448,1.0386883977836407
2025-01-02,1.7887,1.00605054291511
2025-01-03,1.7215,0.9846420947148136
2025-01-06,1.7178,0.9845144929744666
2025-01-07,1.754,0.9949606382916968
2025-01-08,1.7368,0.9907703887045793
2025-01-09,1.7474,0.9898633895840409
2025-01-10,1.7022,0.9740256081490963
2025-01-13,1.7136,0.976278012881354
2025-01-14,1.7949,1.0108496309454358
2025-01-15,1.7854,1.001813163768507
2025-01-16,1.7944,1.0060172002937344
2025-01-17,1.8012,1.0135746736849438
2025-01-20,1.8141,1.018479413198889
2025-01-21,1.8149,1.0220338672506524
2025-01-22,1.7975,1.0171602753324103
2025-01-23,1.7914,1.0130233594269278
2025-01-24,1.8289,1.024941006417457
2025-01-27,1.7986,1.013946431214789
2025-02-05,1.8438,1.0184895901360989
2025-02-06,1.9115,1.042709975067411
2025-02-07,1.9457,1.0583267845377313
2025-02-10,1.9898,1.0682248265022685
2025-02-11,1.9767,1.0627335616160032
2025-02-12,2.0102,1.0776541851339076
2025-02-13,1.9864,1.06998632553428
2025-02-14,2.0071,1.078972307120736
2025-02-17,2.0278,1.079139872840893
2025-02-18,1.9674,1.0595463661984912
2025-02-19,2.0243,1.07826233423021
2025-02-20,2.0543,1.0807411168580876
2025-02-21,2.0838,1.0987944411065542
2025-02-24,2.0848,1.0966009029718833
2025-02-25,2.0936,1.0848080459119551
2025-02-26,2.1143,1.0978285028255967
2025-02-27,2.0968,1.0937006754148417
2025-02-28,1.9973,1.063022053295949
2025-03-03,2.011,1.067720278989577
2025-03-04,2.0632,1.0771281590228978
2025-03-05,2.0816,1.0794997300662645
2025-03-06,2.1257,1.0971089153598101
2025-03-07,2.1176,1.0909413104557235
2025-03-14,2.1464,1.1065797255093184
2025-03-21,2.1283,1.083350421880306
2025-03-28,2.0778,1.0732099837749507
2025-03-31,2.0541,1.0626413342563326
2025-04-03,2.073,1.060415904756929
2025-04-11,1.9307,1.0124906756760679
2025-04-18,1.9366,1.0087541070563
2025-04-25,1.9859,1.020810367196956
2025-04-30,2.0036,1.0216529123818314
2025-05-09,2.0654,1.0379609735319812
2025-05-16,2.0593,1.0368954971860134
2025-05-23,2.0333,1.025502134798522
2025-05-30,2.0587,1.0287726686287657
2025-06-06,2.1117,1.0452817106832806
2025-06-13,2.0772,1.041320124720996
2025-06-20,2.0659,1.0230475881565848
2025-06-27,2.1986,1.0637218129678487
2025-06-30,2.2246,1.073093193896595
2025-07-01,2.2198,1.0765911577835248
2025-07-04,2.1949,1.072376200552058
2025-07-11,2.2507,1.0933547865346604
2025-07-18,2.3084,1.1065125141860337
2025-07-25,2.3534,1.1427903746854402
2025-08-01,2.3397,1.1271187258547175
2025-08-08,2.4005,1.1471276547112144
2025-08-15,2.4562,1.191585106043323
2025-08-22,2.5807,1.2377127360831743
